"ID","Description","GeneRatio","BgRatio","pvalue","p.adjust","qvalue","geneID","Count"
"GO:0002429","immune response-activating cell surface receptor signaling pathway","36/178","473/18670",2.09762632839356e-22,5.84188932457607e-19,4.89961349758454e-19,"HLA-DRA/HLA-DRB1/HLA-DQB1/HLA-DQA1/HLA-DRB5/HLA-DPB1/HLA-DPA1/EZR/CD79A/IGHM/PTPRC/ELF1/MEF2C/TRBC2/NCR3/LYN/IGHG2/IGKV3-20/PDE4B/IGHV4-34/THEMIS2/PRNP/IGHV3-30/IGLV2-14/IGHV4-59/IGHV3-23/IGKV3-15/IGKV4-1/IGKV1-17/IGKV1-5/IGHV3-48/IGHV3-7/IGLV1-51/IGHV4-39/IGHV1-3/IGLV1-44",36
"GO:0002455","humoral immune response mediated by circulating immunoglobulin","22/178","150/18670",4.30534019475928e-20,5.9951862212023e-17,5.02818415377413e-17,"HLA-DQB1/CD55/IGHM/PTPRC/TRBC2/IGHG2/IGKV3-20/IGHV4-34/IGHV3-30/IGLV2-14/IGHV4-59/IGHV3-23/IGKV3-15/IGKV4-1/IGKV1-17/IGKV1-5/IGHV3-48/IGHV3-7/IGLV1-51/IGHV4-39/IGHV1-3/IGLV1-44",22
"GO:0002460","adaptive immune response based on somatic recombination of immune receptors built from immunoglobulin superfamily domains","30/178","361/18670",8.11957171444694e-20,7.53766907491158e-17,6.32187004714308e-17,"HLA-B/HLA-DQB1/CD74/HLA-C/B2M/HLA-E/CD55/LY9/IGHM/PTPRC/MEF2C/TRBC2/HLA-F/IGHG2/IGKV3-20/IGHV4-34/IGHV3-30/IGLV2-14/IGHV4-59/IGHV3-23/IGKV3-15/IGKV4-1/IGKV1-17/IGKV1-5/IGHV3-48/IGHV3-7/IGLV1-51/IGHV4-39/IGHV1-3/IGLV1-44",30
"GO:0002449","lymphocyte mediated immunity","29/178","352/18670",4.49606427191979e-19,3.13038474932415e-16,2.62546489983948e-16,"HLA-B/HLA-DQB1/CD74/HLA-C/B2M/HLA-E/CD55/IGHM/PTPRC/TRBC2/HLA-F/NCR3/IGHG2/IGKV3-20/IGHV4-34/IGHV3-30/IGLV2-14/IGHV4-59/IGHV3-23/IGKV3-15/IGKV4-1/IGKV1-17/IGKV1-5/IGHV3-48/IGHV3-7/IGLV1-51/IGHV4-39/IGHV1-3/IGLV1-44",29
"GO:0016064","immunoglobulin mediated immune response","24/178","218/18670",7.76630281120399e-19,4.32583066584062e-16,3.62808967117087e-16,"HLA-DQB1/CD74/HLA-E/CD55/IGHM/PTPRC/TRBC2/IGHG2/IGKV3-20/IGHV4-34/IGHV3-30/IGLV2-14/IGHV4-59/IGHV3-23/IGKV3-15/IGKV4-1/IGKV1-17/IGKV1-5/IGHV3-48/IGHV3-7/IGLV1-51/IGHV4-39/IGHV1-3/IGLV1-44",24
"GO:0019724","B cell mediated immunity","24/178","221/18670",1.07217983548647e-18,4.97670140304968e-16,4.17397728937626e-16,"HLA-DQB1/CD74/HLA-E/CD55/IGHM/PTPRC/TRBC2/IGHG2/IGKV3-20/IGHV4-34/IGHV3-30/IGLV2-14/IGHV4-59/IGHV3-23/IGKV3-15/IGKV4-1/IGKV1-17/IGKV1-5/IGHV3-48/IGHV3-7/IGLV1-51/IGHV4-39/IGHV1-3/IGLV1-44",24
"GO:0006958","complement activation, classical pathway","20/178","137/18670",2.57757133164006e-18,1.0255051655168e-15,8.60094854873578e-16,"CD55/IGHM/TRBC2/IGHG2/IGKV3-20/IGHV4-34/IGHV3-30/IGLV2-14/IGHV4-59/IGHV3-23/IGKV3-15/IGKV4-1/IGKV1-17/IGKV1-5/IGHV3-48/IGHV3-7/IGLV1-51/IGHV4-39/IGHV1-3/IGLV1-44",20
"GO:0050851","antigen receptor-mediated signaling pathway","27/178","316/18670",3.26829778379737e-18,1.13777616598446e-15,9.54256945032417e-16,"HLA-DRA/HLA-DRB1/HLA-DQB1/HLA-DQA1/HLA-DRB5/HLA-DPB1/HLA-DPA1/EZR/CD79A/IGHM/PTPRC/ELF1/MEF2C/TRBC2/LYN/IGHG2/PDE4B/IGHV4-34/THEMIS2/PRNP/IGHV3-30/IGHV4-59/IGHV3-23/IGHV3-48/IGHV3-7/IGHV4-39/IGHV1-3",27
"GO:0006909","phagocytosis","28/178","369/18670",1.68884105658854e-17,5.2260248251101e-15,4.38308573633915e-15,"IGHM/PTPRC/TRBC2/IL2RG/RAB31/LYN/PLD4/IGHG2/NCF4/IGKV3-20/ITGB2/IGHV4-34/ITGB1/MYH9/IGHV3-30/IGLV2-14/IGHV4-59/IGHV3-23/IGKV3-15/IGKV4-1/IGKV1-17/IGKV1-5/IGHV3-48/IGHV3-7/IGLV1-51/IGHV4-39/IGHV1-3/IGLV1-44",28
"GO:0006956","complement activation","20/178","175/18670",3.51816171526709e-16,9.79808037701883e-14,8.21768510123965e-14,"CD55/IGHM/TRBC2/IGHG2/IGKV3-20/IGHV4-34/IGHV3-30/IGLV2-14/IGHV4-59/IGHV3-23/IGKV3-15/IGKV4-1/IGKV1-17/IGKV1-5/IGHV3-48/IGHV3-7/IGLV1-51/IGHV4-39/IGHV1-3/IGLV1-44",20
"GO:0002920","regulation of humoral immune response","18/178","134/18670",6.2398900584657e-16,1.49453335159135e-13,1.25347047422515e-13,"CD55/PTPRC/IGHG2/IGKV3-20/IGHV4-34/IGHV3-30/IGLV2-14/IGHV4-59/IGHV3-23/IGKV3-15/IGKV4-1/IGKV1-17/IGKV1-5/IGHV3-48/IGHV3-7/IGLV1-51/IGHV4-39/IGLV1-44",18
"GO:0050900","leukocyte migration","30/178","499/18670",6.43964101224279e-16,1.49453335159135e-13,1.25347047422515e-13,"CD74/DUSP1/CXCR4/GPR183/IGHM/GPSM3/CD99/SELL/SELENOK/LYN/IGKV3-20/PDE4B/ITGB2/ITGA4/IGHV4-34/ITGB1/MYH9/IGHV3-30/IGLV2-14/IGHV4-59/IGHV3-23/IGKV3-15/IGKV4-1/IGKV1-17/IGKV1-5/IGHV3-48/IGHV3-7/IGLV1-51/IGHV4-39/IGLV1-44",30
"GO:0030449","regulation of complement activation","17/178","115/18670",7.94677425130764e-16,1.70244356076091e-13,1.42784551122685e-13,"CD55/IGHG2/IGKV3-20/IGHV4-34/IGHV3-30/IGLV2-14/IGHV4-59/IGHV3-23/IGKV3-15/IGKV4-1/IGKV1-17/IGKV1-5/IGHV3-48/IGHV3-7/IGLV1-51/IGHV4-39/IGLV1-44",17
"GO:2000257","regulation of protein activation cascade","17/178","116/18670",9.23528732527124e-16,1.8371625143486e-13,1.54083478005841e-13,"CD55/IGHG2/IGKV3-20/IGHV4-34/IGHV3-30/IGLV2-14/IGHV4-59/IGHV3-23/IGKV3-15/IGKV4-1/IGKV1-17/IGKV1-5/IGHV3-48/IGHV3-7/IGLV1-51/IGHV4-39/IGLV1-44",17
"GO:0002433","immune response-regulating cell surface receptor signaling pathway involved in phagocytosis","18/178","139/18670",1.21145397214055e-15,2.10868707025714e-13,1.76856339748676e-13,"PTPRC/LYN/IGHG2/IGKV3-20/IGHV4-34/IGHV3-30/IGLV2-14/IGHV4-59/IGHV3-23/IGKV3-15/IGKV4-1/IGKV1-17/IGKV1-5/IGHV3-48/IGHV3-7/IGLV1-51/IGHV4-39/IGLV1-44",18
"GO:0038096","Fc-gamma receptor signaling pathway involved in phagocytosis","18/178","139/18670",1.21145397214055e-15,2.10868707025714e-13,1.76856339748676e-13,"PTPRC/LYN/IGHG2/IGKV3-20/IGHV4-34/IGHV3-30/IGLV2-14/IGHV4-59/IGHV3-23/IGKV3-15/IGKV4-1/IGKV1-17/IGKV1-5/IGHV3-48/IGHV3-7/IGLV1-51/IGHV4-39/IGLV1-44",18
"GO:0038094","Fc-gamma receptor signaling pathway","18/178","142/18670",1.78069385887148e-15,2.91719552762181e-13,2.44666233612125e-13,"PTPRC/LYN/IGHG2/IGKV3-20/IGHV4-34/IGHV3-30/IGLV2-14/IGHV4-59/IGHV3-23/IGKV3-15/IGKV4-1/IGKV1-17/IGKV1-5/IGHV3-48/IGHV3-7/IGLV1-51/IGHV4-39/IGLV1-44",18
"GO:0002431","Fc receptor mediated stimulatory signaling pathway","18/178","145/18670",2.59360698997922e-15,4.01288637060674e-13,3.36562217003737e-13,"PTPRC/LYN/IGHG2/IGKV3-20/IGHV4-34/IGHV3-30/IGLV2-14/IGHV4-59/IGHV3-23/IGKV3-15/IGKV4-1/IGKV1-17/IGKV1-5/IGHV3-48/IGHV3-7/IGLV1-51/IGHV4-39/IGLV1-44",18
"GO:0072376","protein activation cascade","20/178","198/18670",3.94863780650285e-15,5.78787173216338e-13,4.8543087493794e-13,"CD55/IGHM/TRBC2/IGHG2/IGKV3-20/IGHV4-34/IGHV3-30/IGLV2-14/IGHV4-59/IGHV3-23/IGKV3-15/IGKV4-1/IGKV1-17/IGKV1-5/IGHV3-48/IGHV3-7/IGLV1-51/IGHV4-39/IGHV1-3/IGLV1-44",20
"GO:0002697","regulation of immune effector process","28/178","458/18670",4.35785548881237e-15,6.06831376817123e-13,5.08951648930245e-13,"HLA-B/CD74/HLA-C/B2M/HLA-E/CD55/PTPRC/HLA-F/NCR3/SELENOK/LYN/IGHG2/IGKV3-20/ITGB2/IGHV4-34/IGHV3-30/IGLV2-14/IGHV4-59/IGHV3-23/IGKV3-15/IGKV4-1/IGKV1-17/IGKV1-5/IGHV3-48/IGHV3-7/IGLV1-51/IGHV4-39/IGLV1-44",28
"GO:0006959","humoral immune response","25/178","356/18670",6.24583832473035e-15,8.28317130208287e-13,6.94712543487551e-13,"HLA-DQB1/HLA-E/CD55/GPR183/IGHM/PTPRC/MEF2C/TRBC2/IGHG2/IGKV3-20/IGHV4-34/IGHV3-30/IGLV2-14/IGHV4-59/IGHV3-23/IGKV3-15/IGKV4-1/IGKV1-17/IGKV1-5/IGHV3-48/IGHV3-7/IGLV1-51/IGHV4-39/IGHV1-3/IGLV1-44",25
"GO:0070613","regulation of protein processing","19/178","180/18670",8.81863309514318e-15,1.11635878045335e-12,9.36294107087211e-13,"CD55/IGHG2/IGKV3-20/IGHV4-34/MYH9/PRNP/IGHV3-30/IGLV2-14/IGHV4-59/IGHV3-23/IGKV3-15/IGKV4-1/IGKV1-17/IGKV1-5/IGHV3-48/IGHV3-7/IGLV1-51/IGHV4-39/IGLV1-44",19
"GO:1903317","regulation of protein maturation","19/178","182/18670",1.08231074219819e-14,1.31053713783564e-12,1.09915219081821e-12,"CD55/IGHG2/IGKV3-20/IGHV4-34/MYH9/PRNP/IGHV3-30/IGLV2-14/IGHV4-59/IGHV3-23/IGKV3-15/IGKV4-1/IGKV1-17/IGKV1-5/IGHV3-48/IGHV3-7/IGLV1-51/IGHV4-39/IGLV1-44",19
"GO:0002673","regulation of acute inflammatory response","18/178","159/18670",1.34395802652467e-14,1.5216879853283e-12,1.27624516278692e-12,"HLA-E/CD55/IGHG2/IGKV3-20/IGHV4-34/IGHV3-30/IGLV2-14/IGHV4-59/IGHV3-23/IGKV3-15/IGKV4-1/IGKV1-17/IGKV1-5/IGHV3-48/IGHV3-7/IGLV1-51/IGHV4-39/IGLV1-44",18
"GO:0051251","positive regulation of lymphocyte activation","24/178","334/18670",1.36596767085126e-14,1.5216879853283e-12,1.27624516278692e-12,"CD74/HLA-DPB1/HLA-DPA1/HLA-E/CD55/GPR183/IGHM/PTPRC/CD24/MEF2C/MAP3K8/TRBC2/HLA-F/SELENOK/LYN/IGHG2/IGHV4-34/IGHV3-30/IGHV4-59/IGHV3-23/IGHV3-48/IGHV3-7/IGHV4-39/IGHV1-3",24
"GO:0051249","regulation of lymphocyte activation","28/178","485/18670",1.83407931504078e-14,1.96458111245714e-12,1.64770121460546e-12,"CD74/HLA-DPB1/HLA-DPA1/HLA-E/CD55/BANK1/ZFP36L2/GPR183/IGHM/PTPRC/CD24/MEF2C/MAP3K8/TRBC2/HLA-F/SELENOK/LYN/IGHG2/IGHV4-34/PRNP/IGHV3-30/IGHV4-59/IRF1/IGHV3-23/IGHV3-48/IGHV3-7/IGHV4-39/IGHV1-3",28
"GO:0002696","positive regulation of leukocyte activation","25/178","380/18670",2.78262694717331e-14,2.87022816588061e-12,2.40727064162868e-12,"CD74/HLA-DPB1/HLA-DPA1/HLA-E/CD55/GPR183/IGHM/PTPRC/CD24/MEF2C/MAP3K8/TRBC2/HLA-F/SELENOK/LYN/IGHG2/ITGB2/IGHV4-34/IGHV3-30/IGHV4-59/IGHV3-23/IGHV3-48/IGHV3-7/IGHV4-39/IGHV1-3",25
"GO:0006898","receptor-mediated endocytosis","23/178","316/18670",3.84591689713686e-14,3.79046153671662e-12,3.17907366530253e-12,"B2M/EZR/SNX9/RAB31/SDCBP/IGKV3-20/ITGB2/ITGA4/IGHV4-34/ITGB1/IGHV3-30/IGLV2-14/IGHV4-59/IGHV3-23/IGKV3-15/IGKV4-1/IGKV1-17/IGKV1-5/IGHV3-48/IGHV3-7/IGLV1-51/IGHV4-39/IGLV1-44",23
"GO:0038095","Fc-epsilon receptor signaling pathway","18/178","169/18670",3.94697969711964e-14,3.79046153671662e-12,3.17907366530253e-12,"CALM1/FOS/LYN/IGKV3-20/IGHV4-34/IGHV3-30/IGLV2-14/IGHV4-59/IGHV3-23/IGKV3-15/IGKV4-1/IGKV1-17/IGKV1-5/IGHV3-48/IGHV3-7/IGLV1-51/IGHV4-39/IGLV1-44",18
"GO:0050867","positive regulation of cell activation","25/178","394/18670",6.3263151841161e-14,5.87292926258778e-12,4.92564680475566e-12,"CD74/HLA-DPB1/HLA-DPA1/HLA-E/CD55/GPR183/IGHM/PTPRC/CD24/MEF2C/MAP3K8/TRBC2/HLA-F/SELENOK/LYN/IGHG2/ITGB2/IGHV4-34/IGHV3-30/IGHV4-59/IGHV3-23/IGHV3-48/IGHV3-7/IGHV4-39/IGHV1-3",25
"GO:0050853","B cell receptor signaling pathway","16/178","129/18670",9.8600541463007e-14,8.85814541853143e-12,7.42935828544694e-12,"CD79A/IGHM/PTPRC/ELF1/MEF2C/TRBC2/LYN/IGHG2/IGHV4-34/IGHV3-30/IGHV4-59/IGHV3-23/IGHV3-48/IGHV3-7/IGHV4-39/IGHV1-3",16
"GO:0038093","Fc receptor signaling pathway","20/178","241/18670",1.69972803537158e-13,1.473336154551e-11,1.2356923091557e-11,"CALM1/FOS/PTPRC/LYN/IGHG2/IGKV3-20/IGHV4-34/IGHV3-30/IGLV2-14/IGHV4-59/IGHV3-23/IGKV3-15/IGKV4-1/IGKV1-17/IGKV1-5/IGHV3-48/IGHV3-7/IGLV1-51/IGHV4-39/IGLV1-44",20
"GO:0050864","regulation of B cell activation","18/178","184/18670",1.74578431239437e-13,1.473336154551e-11,1.2356923091557e-11,"CD74/BANK1/ZFP36L2/GPR183/IGHM/PTPRC/MEF2C/TRBC2/LYN/IGHG2/IGHV4-34/IGHV3-30/IGHV4-59/IGHV3-23/IGHV3-48/IGHV3-7/IGHV4-39/IGHV1-3",18
"GO:0042113","B cell activation","22/178","310/18670",2.39622132584689e-13,1.96278717425988e-11,1.64619663221494e-11,"CD74/KLF6/BANK1/ZFP36L2/CD79A/GPR183/IGHM/PTPRC/MEF2C/TRBC2/LYN/IGHG2/ITGA4/IGHV4-34/ITGB1/IGHV3-30/IGHV4-59/IGHV3-23/IGHV3-48/IGHV3-7/IGHV4-39/IGHV1-3",22
"GO:0099024","plasma membrane invagination","15/178","127/18670",1.24357710138096e-12,9.89532064955991e-11,8.29924086605818e-11,"IGHM/SNX9/TRBC2/RAB31/IGHG2/ITGB2/IGHV4-34/MYH9/IGHV3-30/IGHV4-59/IGHV3-23/IGHV3-48/IGHV3-7/IGHV4-39/IGHV1-3",15
"GO:0010324","membrane invagination","15/178","135/18670",3.0689175131054e-12,2.37414868722182e-10,1.9912070063102e-10,"IGHM/SNX9/TRBC2/RAB31/IGHG2/ITGB2/IGHV4-34/MYH9/IGHV3-30/IGHV4-59/IGHV3-23/IGHV3-48/IGHV3-7/IGHV4-39/IGHV1-3",15
"GO:0060333","interferon-gamma-mediated signaling pathway","13/178","91/18670",3.4734018994747e-12,2.61443899730731e-10,2.1927393499102e-10,"HLA-DRA/HLA-B/HLA-DRB1/HLA-DQB1/HLA-DQA1/HLA-DRB5/HLA-C/HLA-DPB1/HLA-DPA1/B2M/HLA-E/HLA-F/IRF1",13
"GO:0002526","acute inflammatory response","18/178","220/18670",3.74506196430366e-12,2.74473620278571e-10,2.30202008276727e-10,"HLA-E/CD55/IGHG2/IGKV3-20/IGHV4-34/IGHV3-30/IGLV2-14/IGHV4-59/IGHV3-23/IGKV3-15/IGKV4-1/IGKV1-17/IGKV1-5/IGHV3-48/IGHV3-7/IGLV1-51/IGHV4-39/IGLV1-44",18
"GO:0050871","positive regulation of B cell activation","15/178","142/18670",6.44411461688527e-12,4.60175877128859e-10,3.85951156136799e-10,"CD74/GPR183/IGHM/PTPRC/MEF2C/TRBC2/IGHG2/IGHV4-34/IGHV3-30/IGHV4-59/IGHV3-23/IGHV3-48/IGHV3-7/IGHV4-39/IGHV1-3",15
"GO:0006911","phagocytosis, engulfment","14/178","118/18670",6.74900259462024e-12,4.69899305650434e-10,3.94106230459535e-10,"IGHM/TRBC2/RAB31/IGHG2/ITGB2/IGHV4-34/MYH9/IGHV3-30/IGHV4-59/IGHV3-23/IGHV3-48/IGHV3-7/IGHV4-39/IGHV1-3",14
"GO:0002478","antigen processing and presentation of exogenous peptide antigen","16/178","175/18670",1.15574701921505e-11,7.85062304515586e-10,6.58434566274245e-10,"HLA-DRA/HLA-B/HLA-DRB1/HLA-DQB1/CD74/HLA-DQA1/HLA-DRB5/HLA-C/HLA-DPB1/HLA-DPA1/B2M/HLA-E/TAP1/HLA-F/NCF4/CYBB",16
"GO:0019884","antigen processing and presentation of exogenous antigen","16/178","182/18670",2.1015008142397e-11,1.39349518277561e-09,1.16872940019997e-09,"HLA-DRA/HLA-B/HLA-DRB1/HLA-DQB1/CD74/HLA-DQA1/HLA-DRB5/HLA-C/HLA-DPB1/HLA-DPA1/B2M/HLA-E/TAP1/HLA-F/NCF4/CYBB",16
"GO:0048002","antigen processing and presentation of peptide antigen","16/178","189/18670",3.72373768601258e-11,2.41176964082443e-09,2.02275983482544e-09,"HLA-DRA/HLA-B/HLA-DRB1/HLA-DQB1/CD74/HLA-DQA1/HLA-DRB5/HLA-C/HLA-DPB1/HLA-DPA1/B2M/HLA-E/TAP1/HLA-F/NCF4/CYBB",16
"GO:0050727","regulation of inflammatory response","24/178","485/18670",4.07505131325101e-11,2.57932225168274e-09,2.16328680959426e-09,"HLA-E/CD55/TMSB4X/GPSM3/PTPRC/ACP5/LYN/PER1/IGHG2/IGKV3-20/IGHV4-34/IGHV3-30/IGLV2-14/IGHV4-59/IGHV3-23/IGKV3-15/IGKV4-1/IGKV1-17/IGKV1-5/IGHV3-48/IGHV3-7/IGLV1-51/IGHV4-39/IGLV1-44",24
"GO:0034341","response to interferon-gamma","16/178","199/18670",8.09309654729286e-11,5.00872752982458e-09,4.20083771659482e-09,"HLA-DRA/HLA-B/HLA-DRB1/HLA-DQB1/HLA-DQA1/HLA-DRB5/HLA-C/HLA-DPB1/HLA-DPA1/B2M/HLA-E/VIM/IFITM2/IFITM1/HLA-F/IRF1",16
"GO:0016485","protein processing","19/178","328/18670",3.69265313092012e-10,2.23566064556794e-08,1.87505658981962e-08,"CD55/IGHG2/IGKV3-20/IGHV4-34/MYH9/PRNP/IGHV3-30/IGLV2-14/IGHV4-59/IGHV3-23/IGKV3-15/IGKV4-1/IGKV1-17/IGKV1-5/IGHV3-48/IGHV3-7/IGLV1-51/IGHV4-39/IGLV1-44",19
"GO:0006910","phagocytosis, recognition","11/178","84/18670",4.40788258414128e-10,2.61190489294329e-08,2.19061398750493e-08,"IGHM/TRBC2/IGHG2/IGHV4-34/IGHV3-30/IGHV4-59/IGHV3-23/IGHV3-48/IGHV3-7/IGHV4-39/IGHV1-3",11
"GO:0019882","antigen processing and presentation","16/178","226/18670",5.35185949953676e-10,3.10519348046039e-08,2.60433689242809e-08,"HLA-DRA/HLA-B/HLA-DRB1/HLA-DQB1/CD74/HLA-DQA1/HLA-DRB5/HLA-C/HLA-DPB1/HLA-DPA1/B2M/HLA-E/TAP1/HLA-F/NCF4/CYBB",16
"GO:0019883","antigen processing and presentation of endogenous antigen","7/178","22/18670",9.61556394636683e-10,5.46517256951666e-08,4.58365980601246e-08,"HLA-B/CD74/HLA-C/B2M/HLA-E/TAP1/HLA-F",7
"GO:0071346","cellular response to interferon-gamma","14/178","180/18670",1.98506274276139e-09,1.10567994771809e-07,9.27337731828952e-08,"HLA-DRA/HLA-B/HLA-DRB1/HLA-DQB1/HLA-DQA1/HLA-DRB5/HLA-C/HLA-DPB1/HLA-DPA1/B2M/HLA-E/VIM/HLA-F/IRF1",14
"GO:0002483","antigen processing and presentation of endogenous peptide antigen","6/178","15/18670",3.2169477891551e-09,1.7229229986148e-07,1.44502168909619e-07,"HLA-B/HLA-C/B2M/HLA-E/TAP1/HLA-F",6
"GO:0019885","antigen processing and presentation of endogenous peptide antigen via MHC class I","6/178","15/18670",3.2169477891551e-09,1.7229229986148e-07,1.44502168909619e-07,"HLA-B/HLA-C/B2M/HLA-E/TAP1/HLA-F",6
"GO:0043312","neutrophil degranulation","21/178","485/18670",7.93771036215784e-09,4.17104214313388e-07,3.49826798284573e-07,"B2M/FTH1/CD55/YPEL5/SLC2A3/RNASET2/ADGRE5/COTL1/PTPRC/SELL/GMFG/CMTM6/PLAC8/ALOX5/RAB31/SDCBP/SYNGR1/GLIPR1/ITGB2/CYBB/HSPA1A",21
"GO:0051604","protein maturation","19/178","397/18670",8.66021771809104e-09,4.46642710090436e-07,3.74600840476492e-07,"CD55/IGHG2/IGKV3-20/IGHV4-34/MYH9/PRNP/IGHV3-30/IGLV2-14/IGHV4-59/IGHV3-23/IGKV3-15/IGKV4-1/IGKV1-17/IGKV1-5/IGHV3-48/IGHV3-7/IGLV1-51/IGHV4-39/IGLV1-44",19
"GO:0002283","neutrophil activation involved in immune response","21/178","488/18670",8.84012114010395e-09,4.47631588639809e-07,3.75430216457237e-07,"B2M/FTH1/CD55/YPEL5/SLC2A3/RNASET2/ADGRE5/COTL1/PTPRC/SELL/GMFG/CMTM6/PLAC8/ALOX5/RAB31/SDCBP/SYNGR1/GLIPR1/ITGB2/CYBB/HSPA1A",21
"GO:0042119","neutrophil activation","21/178","498/18670",1.25822304170994e-08,6.25741280564677e-07,5.24811452923752e-07,"B2M/FTH1/CD55/YPEL5/SLC2A3/RNASET2/ADGRE5/COTL1/PTPRC/SELL/GMFG/CMTM6/PLAC8/ALOX5/RAB31/SDCBP/SYNGR1/GLIPR1/ITGB2/CYBB/HSPA1A",21
"GO:0002446","neutrophil mediated immunity","21/178","499/18670",1.30278780427689e-08,6.36537549984413e-07,5.33866322749848e-07,"B2M/FTH1/CD55/YPEL5/SLC2A3/RNASET2/ADGRE5/COTL1/PTPRC/SELL/GMFG/CMTM6/PLAC8/ALOX5/RAB31/SDCBP/SYNGR1/GLIPR1/ITGB2/CYBB/HSPA1A",21
"GO:0008037","cell recognition","14/178","215/18670",1.95041491465852e-08,9.36535437469653e-07,7.85475625340701e-07,"YWHAZ/CXCR4/IGHM/TRBC2/NCR3/IGHG2/IGHV4-34/IGHV3-30/IGHV4-59/IGHV3-23/IGHV3-48/IGHV3-7/IGHV4-39/IGHV1-3",14
"GO:0007159","leukocyte cell-cell adhesion","17/178","337/18670",2.55299055388272e-08,1.20509808348532e-06,1.01072007833466e-06,"CD74/HLA-DPB1/HLA-DPA1/HLA-E/CD55/EZR/PTPRC/CD24/SELL/MAP3K8/SELENOK/LYN/ITGB2/ITGA4/ITGB1/PRNP/IRF1",17
"GO:0046651","lymphocyte proliferation","15/178","272/18670",5.49082662613507e-08,2.5486586922977e-06,2.13756917252522e-06,"CD74/HLA-DPB1/HLA-DPA1/HLA-E/CD55/CD79A/GPR183/PTPRC/CD24/MEF2C/CCND3/SELENOK/LYN/PRNP/IRF1",15
"GO:0032943","mononuclear cell proliferation","15/178","274/18670",6.04592048867576e-08,2.7603096001577e-06,2.31508154691484e-06,"CD74/HLA-DPB1/HLA-DPA1/HLA-E/CD55/CD79A/GPR183/PTPRC/CD24/MEF2C/CCND3/SELENOK/LYN/PRNP/IRF1",15
"GO:0050852","T cell receptor signaling pathway","13/178","202/18670",7.31750666109516e-08,3.28697678244355e-06,2.75679919880648e-06,"HLA-DRA/HLA-DRB1/HLA-DQB1/HLA-DQA1/HLA-DRB5/HLA-DPB1/HLA-DPA1/EZR/PTPRC/ELF1/PDE4B/THEMIS2/PRNP",13
"GO:0070665","positive regulation of leukocyte proliferation","11/178","139/18670",9.42873738713476e-08,4.1681005751064e-06,3.49580087920669e-06,"CD74/HLA-DPB1/HLA-DPA1/HLA-E/CD55/GPR183/PTPRC/CD24/MEF2C/SELENOK/LYN",11
"GO:0050670","regulation of lymphocyte proliferation","13/178","208/18670",1.03077639897913e-07,4.48548792368264e-06,3.76199478508996e-06,"CD74/HLA-DPB1/HLA-DPA1/HLA-E/CD55/GPR183/PTPRC/CD24/MEF2C/SELENOK/LYN/PRNP/IRF1",13
"GO:0002440","production of molecular mediator of immune response","15/178","286/18670",1.05903859061828e-07,4.53757303826447e-06,3.80567875721775e-06,"HLA-DQB1/CD74/B2M/HLA-E/CD55/PTPRC/HLA-F/IGKV3-20/IGLV2-14/IGKV3-15/IGKV4-1/IGKV1-17/IGKV1-5/IGLV1-51/IGLV1-44",15
"GO:0032944","regulation of mononuclear cell proliferation","13/178","209/18670",1.09011359711922e-07,4.59994904238943e-06,3.85799373525924e-06,"CD74/HLA-DPB1/HLA-DPA1/HLA-E/CD55/GPR183/PTPRC/CD24/MEF2C/SELENOK/LYN/PRNP/IRF1",13
"GO:0001916","positive regulation of T cell mediated cytotoxicity","6/178","26/18670",1.35637761702329e-07,5.63807710956697e-06,4.72867546296101e-06,"HLA-B/HLA-C/B2M/HLA-E/PTPRC/HLA-F",6
"GO:0070661","leukocyte proliferation","15/178","298/18670",1.80420658912854e-07,7.38928728047498e-06,6.19742170476197e-06,"CD74/HLA-DPB1/HLA-DPA1/HLA-E/CD55/CD79A/GPR183/PTPRC/CD24/MEF2C/CCND3/SELENOK/LYN/PRNP/IRF1",15
"GO:0070663","regulation of leukocyte proliferation","13/178","222/18670",2.19511459904911e-07,8.85999153384313e-06,7.4309066289702e-06,"CD74/HLA-DPB1/HLA-DPA1/HLA-E/CD55/GPR183/PTPRC/CD24/MEF2C/SELENOK/LYN/PRNP/IRF1",13
"GO:0002475","antigen processing and presentation via MHC class Ib","5/178","16/18670",2.98729269883961e-07,1.18851573803833e-05,9.96812405823321e-06,"HLA-B/HLA-C/B2M/HLA-E/HLA-F",5
"GO:0050671","positive regulation of lymphocyte proliferation","10/178","130/18670",4.78448469941626e-07,1.87673097012314e-05,1.57402098561967e-05,"CD74/HLA-DPB1/HLA-DPA1/HLA-E/CD55/GPR183/PTPRC/CD24/MEF2C/SELENOK",10
"GO:0042110","T cell activation","18/178","464/18670",5.02287188291959e-07,1.94287474915709e-05,1.62949600997055e-05,"CD74/HLA-DPB1/HLA-DPA1/B2M/HLA-E/CD55/LY9/ZFP36L2/GPR183/PTPRC/CD24/MAP3K8/CCND3/SELENOK/LYN/MYH9/PRNP/IRF1",18
"GO:0032946","positive regulation of mononuclear cell proliferation","10/178","131/18670",5.13763056039294e-07,1.96004124804032e-05,1.64389361406084e-05,"CD74/HLA-DPB1/HLA-DPA1/HLA-E/CD55/GPR183/PTPRC/CD24/MEF2C/SELENOK",10
"GO:0002479","antigen processing and presentation of exogenous peptide antigen via MHC class I, TAP-dependent","8/178","75/18670",5.70927711506173e-07,2.14869415749283e-05,1.80211748482532e-05,"HLA-B/HLA-C/B2M/HLA-E/TAP1/HLA-F/NCF4/CYBB",8
"GO:0001914","regulation of T cell mediated cytotoxicity","6/178","33/18670",6.17373634152896e-07,2.29251409482109e-05,1.92273978131267e-05,"HLA-B/HLA-C/B2M/HLA-E/PTPRC/HLA-F",6
"GO:0042742","defense response to bacterium","15/178","330/18670",6.62715257977075e-07,2.42850262298178e-05,2.03679384688522e-05,"HLA-E/IGHM/ACP5/TRBC2/PLAC8/IGHG2/IGKV3-20/IGHV4-34/IGHV3-30/IGHV4-59/IGHV3-23/IGHV3-48/IGHV3-7/IGHV4-39/IGHV1-3",15
"GO:0042590","antigen processing and presentation of exogenous peptide antigen via MHC class I","8/178","79/18670",8.54725550894041e-07,3.09144241459728e-05,2.59280382424317e-05,"HLA-B/HLA-C/B2M/HLA-E/TAP1/HLA-F/NCF4/CYBB",8
"GO:0001912","positive regulation of leukocyte mediated cytotoxicity","7/178","56/18670",9.95243008592151e-07,3.55352792170403e-05,2.98035659388122e-05,"HLA-B/HLA-C/B2M/HLA-E/PTPRC/HLA-F/NCR3",7
"GO:1903039","positive regulation of leukocyte cell-cell adhesion","12/178","218/18670",1.25324174017726e-06,4.37086481691991e-05,3.66585997495806e-05,"CD74/HLA-DPB1/HLA-DPA1/HLA-E/CD55/PTPRC/CD24/MAP3K8/SELENOK/LYN/ITGB2/ITGA4",12
"GO:0045730","respiratory burst","6/178","37/18670",1.25554465117987e-06,4.37086481691991e-05,3.66585997495806e-05,"CD55/CD52/CD24/SELENOK/NCF4/CYBB",6
"GO:1903037","regulation of leukocyte cell-cell adhesion","14/178","304/18670",1.35827175712739e-06,4.67010721432071e-05,3.91683564530952e-05,"CD74/HLA-DPB1/HLA-DPA1/HLA-E/CD55/PTPRC/CD24/MAP3K8/SELENOK/LYN/ITGB2/ITGA4/PRNP/IRF1",14
"GO:0022407","regulation of cell-cell adhesion","16/178","403/18670",1.65407779747317e-06,5.61781300727167e-05,4.71167988779584e-05,"CD74/HLA-DPB1/HLA-DPA1/HLA-E/CD55/FXYD5/PTPRC/CD24/MAP3K8/SELENOK/LYN/MYADM/ITGB2/ITGA4/PRNP/IRF1",16
"GO:0002377","immunoglobulin production","11/178","193/18670",2.51148263938482e-06,8.42708331408039e-05,7.06782495471771e-05,"HLA-DQB1/HLA-E/PTPRC/IGKV3-20/IGLV2-14/IGKV3-15/IGKV4-1/IGKV1-17/IGKV1-5/IGLV1-51/IGLV1-44",11
"GO:0060337","type I interferon signaling pathway","8/178","95/18670",3.4986813528388e-06,0.000114633265501836,9.61433303027778e-05,"HLA-B/HLA-C/HLA-E/ISG20/IFITM2/IFITM1/HLA-F/IRF1",8
"GO:0071357","cellular response to type I interferon","8/178","95/18670",3.4986813528388e-06,0.000114633265501836,9.61433303027778e-05,"HLA-B/HLA-C/HLA-E/ISG20/IFITM2/IFITM1/HLA-F/IRF1",8
"GO:0031343","positive regulation of cell killing","7/178","68/18670",3.77891001146941e-06,0.000121195572019879,0.000101647160280492,"HLA-B/HLA-C/B2M/HLA-E/PTPRC/HLA-F/NCR3",7
"GO:0002474","antigen processing and presentation of peptide antigen via MHC class I","8/178","96/18670",3.78600171121345e-06,0.000121195572019879,0.000101647160280492,"HLA-B/HLA-C/B2M/HLA-E/TAP1/HLA-F/NCF4/CYBB",8
"GO:0019886","antigen processing and presentation of exogenous peptide antigen via MHC class II","8/178","98/18670",4.42102058113098e-06,0.000138343172117413,0.000116028913891539,"HLA-DRA/HLA-DRB1/HLA-DQB1/CD74/HLA-DQA1/HLA-DRB5/HLA-DPB1/HLA-DPA1",8
"GO:0031341","regulation of cell killing","8/178","98/18670",4.42102058113098e-06,0.000138343172117413,0.000116028913891539,"HLA-B/HLA-C/B2M/HLA-E/CD55/PTPRC/HLA-F/NCR3",8
"GO:0034340","response to type I interferon","8/178","99/18670",4.77095062901144e-06,0.000147634416686632,0.000123821513985689,"HLA-B/HLA-C/HLA-E/ISG20/IFITM2/IFITM1/HLA-F/IRF1",8
"GO:0002495","antigen processing and presentation of peptide antigen via MHC class II","8/178","101/18670",5.54157761533324e-06,0.000169596633612122,0.000142241303972521,"HLA-DRA/HLA-DRB1/HLA-DQB1/CD74/HLA-DQA1/HLA-DRB5/HLA-DPB1/HLA-DPA1",8
"GO:0002504","antigen processing and presentation of peptide or polysaccharide antigen via MHC class II","8/178","102/18670",5.96478860130524e-06,0.000180564524506903,0.000151440113344352,"HLA-DRA/HLA-DRB1/HLA-DQB1/CD74/HLA-DQA1/HLA-DRB5/HLA-DPB1/HLA-DPA1",8
"GO:0002711","positive regulation of T cell mediated immunity","6/178","48/18670",6.07619794630135e-06,0.0001819592610801,0.000152609883903143,"HLA-B/HLA-C/B2M/HLA-E/PTPRC/HLA-F",6
"GO:0022409","positive regulation of cell-cell adhesion","12/178","255/18670",6.3453848847376e-06,0.000187998903233981,0.000157675353406861,"CD74/HLA-DPB1/HLA-DPA1/HLA-E/CD55/PTPRC/CD24/MAP3K8/SELENOK/LYN/ITGB2/ITGA4",12
"GO:0001913","T cell mediated cytotoxicity","6/178","49/18670",6.86963295143123e-06,0.000201388713365642,0.000168905435116077,"HLA-B/HLA-C/B2M/HLA-E/PTPRC/HLA-F",6
"GO:0045785","positive regulation of cell adhesion","15/178","403/18670",7.71089723225192e-06,0.000223696341581475,0.000187614922789112,"CD74/HLA-DPB1/HLA-DPA1/HLA-E/CD55/PTPRC/CIB1/CD24/MAP3K8/SELENOK/LYN/MYADM/SPOCK2/ITGB2/ITGA4",15
"GO:0001910","regulation of leukocyte mediated cytotoxicity","7/178","78/18670",9.50612304688893e-06,0.000272933532841089,0.000228910331427526,"HLA-B/HLA-C/B2M/HLA-E/PTPRC/HLA-F/NCR3",7
"GO:0001819","positive regulation of cytokine production","16/178","464/18670",9.92150897139187e-06,0.000281953086584963,0.000236475063453475,"CD74/HLA-DPB1/HLA-DPA1/B2M/HLA-E/LY9/LTB/GPSM3/PTPRC/HLA-F/SELENOK/LRRFIP1/PDE4B/CYBB/IRF1/HSPA1A",16
"GO:0042098","T cell proliferation","10/178","184/18670",1.10319970581645e-05,0.000310344563706952,0.000260287096991676,"HLA-DPB1/HLA-DPA1/HLA-E/CD55/PTPRC/CD24/CCND3/SELENOK/PRNP/IRF1",10
"GO:0001776","leukocyte homeostasis","7/178","86/18670",1.81358653049748e-05,0.00050508384874355,0.000423615632755149,"CD74/TSC22D3/GPR183/MEF2C/LYN/PDE4B/SLC39A3",7
"GO:0042129","regulation of T cell proliferation","9/178","156/18670",1.90713781197583e-05,0.00052587908973789,0.000441056675849335,"HLA-DPB1/HLA-DPA1/HLA-E/CD55/PTPRC/CD24/SELENOK/PRNP/IRF1",9
"GO:0050870","positive regulation of T cell activation","10/178","202/18670",2.47669545610224e-05,0.000675591161910771,0.000566620726931872,"CD74/HLA-DPB1/HLA-DPA1/HLA-E/CD55/PTPRC/CD24/MAP3K8/SELENOK/LYN",10
"GO:0048872","homeostasis of number of cells","11/178","246/18670",2.49859567959818e-05,0.000675591161910771,0.000566620726931872,"CD74/KLF2/TSC22D3/B2M/GPR183/ZFP36/MEF2C/LYN/PDE4B/SLC39A3/HSPA1A",11
"GO:0042102","positive regulation of T cell proliferation","7/178","95/18670",3.47090653107859e-05,0.000929468720101334,0.000779548744176456,"HLA-DPB1/HLA-DPA1/HLA-E/CD55/PTPRC/CD24/SELENOK",7
"GO:0002683","negative regulation of immune system process","15/178","463/18670",3.89977501133248e-05,0.00103436889586295,0.000867528897257823,"CD74/TSC22D3/HLA-E/CD55/DUSP1/EZR/BANK1/ZFP36/PTPRC/ELF1/CIB1/HLA-F/LYN/PRNP/IRF1",15
"GO:0002705","positive regulation of leukocyte mediated immunity","8/178","133/18670",4.14910062963851e-05,0.00109011747674936,0.00091428543169492,"HLA-B/HLA-C/B2M/HLA-E/PTPRC/HLA-F/NCR3/ITGB2",8
"GO:0002699","positive regulation of immune effector process","10/178","216/18670",4.38220524884769e-05,0.00114060202037765,0.000956626999231976,"HLA-B/CD74/HLA-C/B2M/HLA-E/PTPRC/HLA-F/NCR3/LYN/ITGB2",10
"GO:0050863","regulation of T cell activation","12/178","314/18670",4.98942968249358e-05,0.00128662608016154,0.0010790979011163,"CD74/HLA-DPB1/HLA-DPA1/HLA-E/CD55/PTPRC/CD24/MAP3K8/SELENOK/LYN/PRNP/IRF1",12
"GO:0002709","regulation of T cell mediated immunity","6/178","70/18670",5.45913510020104e-05,0.0013948340600055,0.00116985232132749,"HLA-B/HLA-C/B2M/HLA-E/PTPRC/HLA-F",6
"GO:0032703","negative regulation of interleukin-2 production","4/178","23/18670",6.13875595393918e-05,0.00155422139379278,0.00130353104897522,"EZR/ZFP36/PTPRC/PRNP",4
"GO:0002708","positive regulation of lymphocyte mediated immunity","7/178","105/18670",6.60083821557161e-05,0.00165615625498801,0.00138902418211033,"HLA-B/HLA-C/B2M/HLA-E/PTPRC/HLA-F/NCR3",7
"GO:0002456","T cell mediated immunity","7/178","106/18670",7.01140885399931e-05,0.00174346193378465,0.00146224776757749,"HLA-B/HLA-C/B2M/HLA-E/CD55/PTPRC/HLA-F",7
"GO:0001909","leukocyte mediated cytotoxicity","7/178","107/18670",7.44260489460244e-05,0.00183430571959892,0.00153843877607106,"HLA-B/HLA-C/B2M/HLA-E/PTPRC/HLA-F/NCR3",7
"GO:0051592","response to calcium ion","8/178","148/18670",8.83764988319659e-05,0.00215902236181601,0.00181077978677869,"TXNIP/DUSP1/CALM1/JUNB/FOS/MEF2C/FOSB/RASGRP2",8
"GO:0002237","response to molecule of bacterial origin","12/178","343/18670",0.0001155617413926,0.00279860391111644,0.0023471991226561,"B2M/CD55/VIM/JUNB/FOS/ZFP36/ACP5/CD24/MEF2C/LYN/LY86/PDE4B",12
"GO:0001818","negative regulation of cytokine production","11/178","296/18670",0.000131969978444854,0.00316841715490446,0.00265736281460191,"KLF2/EZR/TMSB4X/BANK1/ZFP36/PTPRC/ACP5/CD24/HLA-F/ATP2B1/PRNP",11
"GO:0002703","regulation of leukocyte mediated immunity","9/178","201/18670",0.000136615954073745,0.00325192677004599,0.00272740262788701,"HLA-B/HLA-C/B2M/HLA-E/PTPRC/HLA-F/NCR3/LYN/ITGB2",9
"GO:0002819","regulation of adaptive immune response","8/178","160/18670",0.000151918540754063,0.00358553505084801,0.0030072010877187,"HLA-B/HLA-C/B2M/HLA-E/PTPRC/MEF2C/HLA-F/IRF1",8
"GO:0046718","viral entry into host cell","7/178","121/18670",0.000161187739420962,0.00374456154510631,0.00314057717796122,"CD74/CD55/CXCR4/IFITM2/IFITM1/ITGB1/HSPA1A",7
"GO:0032663","regulation of interleukin-2 production","5/178","54/18670",0.000161345560291834,0.00374456154510631,0.00314057717796122,"EZR/ZFP36/PTPRC/PDE4B/PRNP",5
"GO:1905477","positive regulation of protein localization to membrane","7/178","122/18670",0.000169642785495686,0.00390458807938418,0.00327479200534952,"EZR/YWHAZ/CIB1/PPP3CC/ITGB2/ITGB1/PRNP",7
"GO:0046640","regulation of alpha-beta T cell proliferation","4/178","30/18670",0.000180344811795319,0.00411688771188495,0.00345284846741858,"HLA-E/CD55/PTPRC/IRF1",4
"GO:0030099","myeloid cell differentiation","13/178","416/18670",0.000184457404853092,0.00417653554890944,0.00350287532194276,"CD74/KLF2/B2M/GPR183/JUNB/FOS/ZFP36/CIB1/EVI2B/MEF2C/LYN/MYH9/HSPA1A",13
"GO:0010038","response to metal ion","12/178","364/18670",0.000200686405326318,0.004507351926079,0.00378033220219949,"B2M/TXNIP/DUSP1/CALM1/JUNB/FOS/CRIP1/MEF2C/FOSB/RASGRP2/PRNP/CYBB",12
"GO:0001906","cell killing","8/178","168/18670",0.00021227869075228,0.0047295692299608,0.00396670665077313,"HLA-B/HLA-C/B2M/HLA-E/CD55/PTPRC/HLA-F/NCR3",8
"GO:0051385","response to mineralocorticoid","4/178","32/18670",0.000233152210549974,0.00515340401890221,0.00432217840610186,"FOS/FOSB/ATP2B1/CYBB",4
"GO:0030183","B cell differentiation","7/178","131/18670",0.000263102072856609,0.00572987440881033,0.0048056661865823,"KLF6/ZFP36L2/CD79A/GPR183/PTPRC/ITGA4/ITGB1",7
"GO:0046633","alpha-beta T cell proliferation","4/178","33/18670",0.000263347908196669,0.00572987440881033,0.0048056661865823,"HLA-E/CD55/PTPRC/IRF1",4
"GO:0030888","regulation of B cell proliferation","5/178","61/18670",0.000287632191348691,0.00611492864813821,0.00512861255606867,"CD74/GPR183/PTPRC/MEF2C/LYN",5
"GO:0034113","heterotypic cell-cell adhesion","5/178","61/18670",0.000287632191348691,0.00611492864813821,0.00512861255606867,"PTPRC/MYADM/ITGB2/ITGA4/ITGB1",5
"GO:0045123","cellular extravasation","5/178","61/18670",0.000287632191348691,0.00611492864813821,0.00512861255606867,"CD99/SELL/ITGB2/ITGA4/ITGB1",5
"GO:0042100","B cell proliferation","6/178","95/18670",0.000297367240417554,0.00618718838711861,0.00518921705792921,"CD74/CD79A/GPR183/PTPRC/MEF2C/LYN",6
"GO:0030260","entry into host cell","7/178","134/18670",0.000302139181561268,0.00618718838711861,0.00518921705792921,"CD74/CD55/CXCR4/IFITM2/IFITM1/ITGB1/HSPA1A",7
"GO:0044409","entry into host","7/178","134/18670",0.000302139181561268,0.00618718838711861,0.00518921705792921,"CD74/CD55/CXCR4/IFITM2/IFITM1/ITGB1/HSPA1A",7
"GO:0051806","entry into cell of other organism involved in symbiotic interaction","7/178","134/18670",0.000302139181561268,0.00618718838711861,0.00518921705792921,"CD74/CD55/CXCR4/IFITM2/IFITM1/ITGB1/HSPA1A",7
"GO:0051828","entry into other organism involved in symbiotic interaction","7/178","134/18670",0.000302139181561268,0.00618718838711861,0.00518921705792921,"CD74/CD55/CXCR4/IFITM2/IFITM1/ITGB1/HSPA1A",7
"GO:0002260","lymphocyte homeostasis","5/178","62/18670",0.00031047196328188,0.00626568418652199,0.00525505176599917,"CD74/TSC22D3/MEF2C/LYN/SLC39A3",5
"GO:0032623","interleukin-2 production","5/178","62/18670",0.00031047196328188,0.00626568418652199,0.00525505176599917,"EZR/ZFP36/PTPRC/PDE4B/PRNP",5
"GO:0051591","response to cAMP","6/178","97/18670",0.000332847774898508,0.00666892843951327,0.00559325416508738,"DUSP1/EZR/JUNB/FOS/FOSB/PER1",6
"GO:0072160","nephron tubule epithelial cell differentiation","3/178","15/18670",0.00035634403713338,0.00708870102440331,0.0059453189353306,"CD24/MEF2C/MTSS1",3
"GO:0050854","regulation of antigen receptor-mediated signaling pathway","5/178","65/18670",0.000387287302934551,0.00764961091257252,0.00641575606727711,"EZR/PTPRC/ELF1/LYN/PRNP",5
"GO:0002824","positive regulation of adaptive immune response based on somatic recombination of immune receptors built from immunoglobulin superfamily domains","6/178","100/18670",0.000392195223443621,0.00769199786824284,0.00645130615879462,"HLA-B/HLA-C/B2M/HLA-E/PTPRC/HLA-F",6
"GO:0006979","response to oxidative stress","13/178","451/18670",0.000401182377135965,0.00781323720506058,0.00655299002476781,"KLF2/TXNIP/DUSP1/BTG1/NR4A2/FOS/RHOB/SELENOK/NCF4/ARL6IP5/PRNP/CYBB/HSPA1A",13
"GO:0042108","positive regulation of cytokine biosynthetic process","5/178","67/18670",0.000445936167271155,0.00862452934618172,0.00723342364893782,"CD74/LTB/PTPRC/CYBB/IRF1",5
"GO:0033627","cell adhesion mediated by integrin","5/178","68/18670",0.000477653753014151,0.00917424622168559,0.00769447316107732,"CIB1/LYN/ITGB2/ITGA4/ITGB1",5
"GO:0071248","cellular response to metal ion","8/178","190/18670",0.000485638564523696,0.00922397294384581,0.00773617914103519,"B2M/JUNB/FOS/MEF2C/FOSB/RASGRP2/PRNP/CYBB",8
"GO:0002822","regulation of adaptive immune response based on somatic recombination of immune receptors built from immunoglobulin superfamily domains","7/178","145/18670",0.000486866794522562,0.00922397294384581,0.00773617914103519,"HLA-B/HLA-C/B2M/HLA-E/PTPRC/MEF2C/HLA-F",7
"GO:0002821","positive regulation of adaptive immune response","6/178","105/18670",0.000509162097412128,0.00951688886773675,0.00798184877539747,"HLA-B/HLA-C/B2M/HLA-E/PTPRC/HLA-F",6
"GO:0007009","plasma membrane organization","6/178","105/18670",0.000509162097412128,0.00951688886773675,0.00798184877539747,"CXCR4/PTPRC/SNX9/ANXA6/MTSS1/MYH9",6
"GO:0043900","regulation of multi-organism process","12/178","405/18670",0.000525734981955221,0.0097611461649686,0.00818670824532375,"CD74/CD55/ISG20/CXCR4/VPS37B/IFITM2/ZFP36/CIB1/IFITM1/SELENOK/LY86/RESF1",12
"GO:0002706","regulation of lymphocyte mediated immunity","7/178","149/18670",0.000572905366546702,0.0105664996412753,0.00886216109004623,"HLA-B/HLA-C/B2M/HLA-E/PTPRC/HLA-F/NCR3",7
"GO:0030098","lymphocyte differentiation","11/178","353/18670",0.000592364411250026,0.0108535189824429,0.00910288523936154,"CD74/B2M/KLF6/LY9/ZFP36L2/CD79A/GPR183/PTPRC/ITGA4/ITGB1/IRF1",11
"GO:0030890","positive regulation of B cell proliferation","4/178","41/18670",0.000614191518713411,0.0111798913700448,0.00937661492965297,"CD74/GPR183/PTPRC/MEF2C",4
"GO:0001911","negative regulation of leukocyte mediated cytotoxicity","3/178","18/18670",0.000625759221252792,0.0113164898129158,0.00949118053287728,"HLA-E/PTPRC/HLA-F",3
"GO:0045637","regulation of myeloid cell differentiation","9/178","251/18670",0.000698026390704607,0.0125419580523376,0.0105189851339458,"CD74/B2M/FOS/ZFP36/CIB1/EVI2B/MEF2C/LYN/HSPA1A",9
"GO:0046641","positive regulation of alpha-beta T cell proliferation","3/178","19/18670",0.000737898428766852,0.0131733790007415,0.0110485601446265,"HLA-E/CD55/PTPRC",3
"GO:0002573","myeloid leukocyte differentiation","8/178","204/18670",0.000774559886109711,0.0137398043491436,0.0115236231128223,"CD74/GPR183/JUNB/FOS/EVI2B/MEF2C/LYN/MYH9",8
"GO:0042035","regulation of cytokine biosynthetic process","6/178","114/18670",0.000786413627536816,0.0138617845106964,0.0116259283111539,"CD74/LTB/ZFP36/PTPRC/CYBB/IRF1",6
"GO:0061756","leukocyte adhesion to vascular endothelial cell","4/178","44/18670",0.000805225199058615,0.0141041017570959,0.0118291606534993,"SELL/ITGB2/ITGA4/ITGB1",4
"GO:0030220","platelet formation","3/178","20/18670",0.000862054509224814,0.0149119366968392,0.0125066947104927,"CIB1/MEF2C/MYH9",3
"GO:0050860","negative regulation of T cell receptor signaling pathway","3/178","20/18670",0.000862054509224814,0.0149119366968392,0.0125066947104927,"EZR/ELF1/PRNP",3
"GO:0050792","regulation of viral process","8/178","208/18670",0.000878557263468088,0.015103592461473,0.0126674370866516,"CD74/ISG20/CXCR4/VPS37B/IFITM2/ZFP36/IFITM1/RESF1",8
"GO:0051701","interaction with host","8/178","209/18670",0.00090623284896515,0.0154837943826254,0.0129863137995071,"CD74/CD55/CXCR4/VPS37B/IFITM2/IFITM1/ITGB1/HSPA1A",8
"GO:0031960","response to corticosteroid","7/178","162/18670",0.000938961055358788,0.0159451618242331,0.0133732643250395,"DUSP1/ZFP36L2/FOS/ZFP36/FOSB/ATP2B1/CYBB",7
"GO:0036344","platelet morphogenesis","3/178","21/18670",0.000998711261471516,0.0166551548694501,0.0139687380347009,"CIB1/MEF2C/MYH9",3
"GO:0051412","response to corticosterone","3/178","21/18670",0.000998711261471516,0.0166551548694501,0.0139687380347009,"FOS/FOSB/ATP2B1",3
"GO:0071498","cellular response to fluid shear stress","3/178","21/18670",0.000998711261471516,0.0166551548694501,0.0139687380347009,"KLF2/MEF2C/MTSS1",3
"GO:0045646","regulation of erythrocyte differentiation","4/178","47/18670",0.00103476999217938,0.0171537763584499,0.0143869336631958,"B2M/ZFP36/LYN/HSPA1A",4
"GO:0034109","homotypic cell-cell adhesion","5/178","81/18670",0.00106286991115505,0.0175153414353066,0.0146901795879978,"CLIC1/MYL12A/CD99/LYN/MYH9",5
"GO:0031342","negative regulation of cell killing","3/178","22/18670",0.00114833557789067,0.0187906065123877,0.0157597489751444,"HLA-E/PTPRC/HLA-F",3
"GO:0071241","cellular response to inorganic substance","8/178","217/18670",0.00115374998693655,0.0187906065123877,0.0157597489751444,"B2M/JUNB/FOS/MEF2C/FOSB/RASGRP2/PRNP/CYBB",8
"GO:0042089","cytokine biosynthetic process","6/178","123/18670",0.00116800178987919,0.0189121220047299,0.0158616644537449,"CD74/LTB/ZFP36/PTPRC/CYBB/IRF1",6
"GO:0071277","cellular response to calcium ion","5/178","83/18670",0.00118618139159728,0.0190954634427655,0.0160154335744106,"JUNB/FOS/MEF2C/FOSB/RASGRP2",5
"GO:1901653","cellular response to peptide","11/178","385/18670",0.00120055131947657,0.0192157208318521,0.016116293877305,"KLF2/VIM/NR4A2/VAMP2/CCND3/RAB31/KLF3/LYN/ITGA4/ATP2B1/PRNP",11
"GO:0042107","cytokine metabolic process","6/178","124/18670",0.00121785120325924,0.0193812320061542,0.0162551086919233,"CD74/LTB/ZFP36/PTPRC/CYBB/IRF1",6
"GO:0019058","viral life cycle","10/178","328/18670",0.00123414894488635,0.0195290046108436,0.0163790461046818,"CD74/CD55/ISG20/CXCR4/VPS37B/IFITM2/IFITM1/ITGB1/RESF1/HSPA1A",10
"GO:0032496","response to lipopolysaccharide","10/178","330/18670",0.00129146707362416,0.0203205412431824,0.0170429107128874,"CD55/VIM/JUNB/FOS/ZFP36/ACP5/MEF2C/LYN/LY86/PDE4B",10
"GO:0043903","regulation of symbiosis, encompassing mutualism through parasitism","8/178","222/18670",0.00133402696893876,0.0208722758904183,0.0175056525374046,"CD74/ISG20/CXCR4/VPS37B/IFITM2/ZFP36/IFITM1/RESF1",8
"GO:0090150","establishment of protein localization to membrane","10/178","332/18670",0.00135093959938587,0.0210188088507801,0.0176285502560261,"YWHAZ/VPS37B/CIB1/CD24/VAMP2/RAB31/PPP3CC/SDCBP/ITGB2/PRNP",10
"GO:0030101","natural killer cell activation","5/178","86/18670",0.00139058497867786,0.021515439808988,0.0180450764192174,"HLA-E/PTPRC/HLA-F/NCR3/ITGB2",5
"GO:0030595","leukocyte chemotaxis","8/178","224/18670",0.00141212691386171,0.0217280301387008,0.0182233766900792,"CD74/DUSP1/CXCR4/GPR183/GPSM3/LYN/PDE4B/ITGB2",8
"GO:0010959","regulation of metal ion transport","11/178","394/18670",0.00144319653080859,0.0220840787818787,0.0185219959621993,"B2M/FXYD5/SARAF/CXCR4/CALM1/VAMP2/LYN/PER1/PDE4B/ATP2B1/PRNP",11
"GO:0002695","negative regulation of leukocyte activation","7/178","175/18670",0.0014685244382786,0.0223488555224366,0.0187440651627277,"CD74/BANK1/PTPRC/HLA-F/LYN/PRNP/IRF1",7
"GO:0038066","p38MAPK cascade","4/178","53/18670",0.00162512938969825,0.0245977464690741,0.0206302180534349,"DUSP1/EZR/ZFP36/PER1",4
"GO:0050901","leukocyte tethering or rolling","3/178","25/18670",0.00167943626266082,0.0252823242784345,0.0212043759137659,"SELL/ITGA4/ITGB1",3
"GO:0002720","positive regulation of cytokine production involved in immune response","4/178","54/18670",0.00174223209605077,0.0260866472446312,0.0218789644659686,"CD74/B2M/HLA-E/HLA-F",4
"GO:0046683","response to organophosphorus","6/178","134/18670",0.0018107933902044,0.0269682331107982,0.0226183536890716,"DUSP1/EZR/JUNB/FOS/FOSB/PER1",6
"GO:0071216","cellular response to biotic stimulus","8/178","236/18670",0.00196031718007899,0.0290398050346807,0.0243557884803766,"TXNIP/CD55/VIM/ZFP36/MEF2C/LYN/LY86/PDE4B",8
"GO:1903078","positive regulation of protein localization to plasma membrane","4/178","56/18670",0.00199376854136251,0.0293790761253682,0.024640336359139,"EZR/CIB1/ITGB1/PRNP",4
"GO:1903706","regulation of hemopoiesis","12/178","475/18670",0.00205688203999329,0.0301495604283226,0.025286544303297,"CD74/B2M/ZFP36L2/FOS/ZFP36/PTPRC/CIB1/EVI2B/MEF2C/LYN/IRF1/HSPA1A",12
"GO:0046631","alpha-beta T cell activation","6/178","138/18670",0.00210103986141465,0.0306355812253393,0.0256941716862999,"HLA-E/CD55/LY9/GPR183/PTPRC/IRF1",6
"GO:1905475","regulation of protein localization to membrane","7/178","187/18670",0.00214148693739734,0.0310627141700604,0.0260524096166924,"EZR/YWHAZ/CIB1/PPP3CC/ITGB2/ITGB1/PRNP",7
"GO:0002702","positive regulation of production of molecular mediator of immune response","5/178","95/18670",0.00216006411767761,0.0311698371385085,0.0261422540339603,"CD74/B2M/HLA-E/PTPRC/HLA-F",5
"GO:0035456","response to interferon-beta","3/178","28/18670",0.00234249969874954,0.0334557008257306,0.0280594160946032,"IFITM2/IFITM1/IRF1",3
"GO:0050858","negative regulation of antigen receptor-mediated signaling pathway","3/178","28/18670",0.00234249969874954,0.0334557008257306,0.0280594160946032,"EZR/ELF1/PRNP",3
"GO:0045071","negative regulation of viral genome replication","4/178","59/18670",0.00241652831324263,0.0341625956973641,0.0286522913549848,"ISG20/IFITM2/IFITM1/RESF1",4
"GO:0070527","platelet aggregation","4/178","59/18670",0.00241652831324263,0.0341625956973641,0.0286522913549848,"CLIC1/MYL12A/LYN/MYH9",4
"GO:1901654","response to ketone","7/178","193/18670",0.00255677018288726,0.0359626513098031,0.0301620044435238,"KLF2/TXNIP/DUSP1/FOS/FOSB/ATP2B1/CYBB",7
"GO:0048525","negative regulation of viral process","5/178","99/18670",0.0025864407596163,0.0361971734448815,0.0303586989980882,"ISG20/IFITM2/ZFP36/IFITM1/RESF1",5
"GO:0060326","cell chemotaxis","9/178","304/18670",0.00261854023930196,0.0364631728322798,0.0305817936369003,"CD74/DUSP1/TMSB4X/CXCR4/GPR183/GPSM3/LYN/PDE4B/ITGB2",9
"GO:0034446","substrate adhesion-dependent cell spreading","5/178","100/18670",0.00270192736678328,0.0374371528183654,0.0313986741392621,"CIB1/PARVG/PARVB/MYADM/ITGA4",5
"GO:0051250","negative regulation of lymphocyte activation","6/178","146/18670",0.00278549061786835,0.0380335052738164,0.0318988370793153,"CD74/BANK1/HLA-F/LYN/PRNP/IRF1",6
"GO:0051384","response to glucocorticoid","6/178","146/18670",0.00278549061786835,0.0380335052738164,0.0318988370793153,"DUSP1/ZFP36L2/FOS/ZFP36/FOSB/ATP2B1",6
"GO:0002685","regulation of leukocyte migration","7/178","196/18670",0.00278635271098042,0.0380335052738164,0.0318988370793153,"CD74/DUSP1/GPSM3/CD99/SELENOK/LYN/ITGA4",7
"GO:0031532","actin cytoskeleton reorganization","5/178","101/18670",0.00282110520245299,0.0380335052738164,0.0318988370793153,"EZR/GMFG/PARVG/PARVB/MYH9",5
"GO:0001782","B cell homeostasis","3/178","30/18670",0.00286287178010421,0.0380335052738164,0.0318988370793153,"CD74/MEF2C/LYN",3
"GO:0045954","positive regulation of natural killer cell mediated cytotoxicity","3/178","30/18670",0.00286287178010421,0.0380335052738164,0.0318988370793153,"HLA-E/HLA-F/NCR3",3
"GO:0046596","regulation of viral entry into host cell","3/178","30/18670",0.00286287178010421,0.0380335052738164,0.0318988370793153,"CD74/IFITM2/IFITM1",3
"GO:0090314","positive regulation of protein targeting to membrane","3/178","30/18670",0.00286287178010421,0.0380335052738164,0.0318988370793153,"CIB1/ITGB2/PRNP",3
"GO:0002262","myeloid cell homeostasis","6/178","147/18670",0.00288153307460512,0.0380335052738164,0.0318988370793153,"KLF2/B2M/ZFP36/LYN/PDE4B/HSPA1A",6
"GO:0071236","cellular response to antibiotic","6/178","147/18670",0.00288153307460512,0.0380335052738164,0.0318988370793153,"KLF2/RHOB/CRIP1/MEF2C/ID3/CYBB",6
"GO:0035690","cellular response to drug","10/178","369/18670",0.00291886388521725,0.0383445090581606,0.0321596770670163,"KLF2/B2M/VIM/CXCR4/RHOB/CD69/MEF2C/PDE4B/PRNP/CYBB",10
"GO:0002367","cytokine production involved in immune response","5/178","102/18670",0.00294404146856271,0.0384936877462308,0.0322847937669417,"CD74/B2M/HLA-E/CD55/HLA-F",5
"GO:0050866","negative regulation of cell activation","7/178","199/18670",0.00303144444118315,0.0391811665539767,0.0328613847050078,"CD74/BANK1/PTPRC/HLA-F/LYN/PRNP/IRF1",7
"GO:0042982","amyloid precursor protein metabolic process","4/178","63/18670",0.00307092251508559,0.0391811665539767,0.0328613847050078,"ITM2B/ITM2C/LYN/PRNP",4
"GO:0046686","response to cadmium ion","4/178","63/18670",0.00307092251508559,0.0391811665539767,0.0328613847050078,"B2M/FOS/PRNP/CYBB",4
"GO:1904377","positive regulation of protein localization to cell periphery","4/178","63/18670",0.00307092251508559,0.0391811665539767,0.0328613847050078,"EZR/CIB1/ITGB1/PRNP",4
"GO:0014074","response to purine-containing compound","6/178","149/18670",0.00308103248665024,0.0391811665539767,0.0328613847050078,"DUSP1/EZR/JUNB/FOS/FOSB/PER1",6
"GO:1903900","regulation of viral life cycle","6/178","149/18670",0.00308103248665024,0.0391811665539767,0.0328613847050078,"CD74/ISG20/VPS37B/IFITM2/IFITM1/RESF1",6
"GO:0072678","T cell migration","4/178","65/18670",0.00343946020268722,0.0435391378038377,0.0365164307990989,"GPR183/CD99/SELENOK/ITGA4",4
"GO:0070371","ERK1 and ERK2 cascade","9/178","317/18670",0.00345499082752177,0.0435391378038377,0.0365164307990989,"CD74/DUSP1/EZR/ZFP36L2/GPR183/PTPRC/CIB1/SCIMP/LYN",9
"GO:0045766","positive regulation of angiogenesis","7/178","204/18670",0.00347622802006287,0.0436094370985365,0.0365753910693196,"BTG1/CXCR4/RHOB/CIB1/ITGB2/ITGB1/CYBB",7
"GO:0071222","cellular response to lipopolysaccharide","7/178","205/18670",0.00357085705972154,0.0445956812167018,0.0374025575431772,"CD55/VIM/ZFP36/MEF2C/LYN/LY86/PDE4B",7
"GO:0045428","regulation of nitric oxide biosynthetic process","4/178","66/18670",0.00363453297610172,0.0451882782966218,0.0378995708363239,"KLF2/ACP5/DDAH2/ITGB2",4
"GO:0002717","positive regulation of natural killer cell mediated immunity","3/178","33/18670",0.00376765352085959,0.046635178024862,0.0391130908200581,"HLA-E/HLA-F/NCR3",3
"GO:0051014","actin filament severing","2/178","10/18670",0.00386805062241376,0.0474560395745477,0.0398015503414613,"GMFG/MYH9",2
"GO:2000271","positive regulation of fibroblast apoptotic process","2/178","10/18670",0.00386805062241376,0.0474560395745477,0.0398015503414613,"BTG1/STK17B",2
"GO:0048545","response to steroid hormone","10/178","385/18670",0.00394039116633114,0.048131532448387,0.0403680886338357,"TXNIP/DUSP1/ZFP36L2/NR4A2/FOS/ZFP36/FOSB/PER1/ATP2B1/CYBB",10
"GO:1903829","positive regulation of cellular protein localization","9/178","324/18670",0.00398529408721758,0.0484674411917072,0.0406498164998199,"EZR/YWHAZ/OAZ1/CIB1/VAMP2/PPP3CC/ITGB2/ITGB1/PRNP",9
"GO:0010922","positive regulation of phosphatase activity","3/178","34/18670",0.00410359550007012,0.0494740842757372,0.0414940916594013,"CALM1/PTPRC/MEF2C",3
"GO:0043368","positive T cell selection","3/178","34/18670",0.00410359550007012,0.0494740842757372,0.0414940916594013,"CD74/LY9/PTPRC",3
"GO:0032970","regulation of actin filament-based process","10/178","388/18670",0.00416013044029048,0.0499394968802111,0.0418844348775162,"TMSB4X/COTL1/RHOB/SNX9/MEF2C/GMFG/MYADM/CAPG/PDE4B/MYH9",10
